{
  "train_losses": [
    0.19714711450245656,
    0.18280100163366503,
    0.18033628353861886,
    0.17893614517312614,
    0.17814599301924638,
    0.17718405900676065,
    0.17687523537762087,
    0.17611828953852934,
    0.17573281087151077,
    0.17535097994775006,
    0.17527686660614794,
    0.1744041303157901,
    0.17443013991361014,
    0.17439916965151409,
    0.1737685822005713,
    0.17393059361179197,
    0.1718434551479043,
    0.17176650074731595,
    0.17143949688716767,
    0.17098832424585947,
    0.17092929259297956,
    0.17084232239505728,
    0.17089810488211551,
    0.17057185919849754,
    0.17059356150590968,
    0.17007282640632967,
    0.16952607599069786,
    0.16905780620754524,
    0.1691564496105145,
    0.16867157244866307,
    0.16887273167906044,
    0.16892261903340153,
    0.16881327633511534,
    0.16799203354606695,
    0.16862069524698273,
    0.16859336860209434,
    0.16780003501969984,
    0.16775080410316467,
    0.1674777336011946,
    0.16757020561856667
  ],
  "val_losses": [
    0.5346301706168938,
    0.366940808193437,
    0.3565343387655285,
    0.4192613417927207,
    0.3628148852751173,
    0.25060071608363943,
    0.3173604448426705,
    0.25172571097273605,
    0.3132655418984034,
    0.23400731900359165,
    0.5403113969901796,
    0.3401145710079409,
    0.3354576167104573,
    0.2533263742600376,
    0.26551182138845414,
    0.266854942482802,
    0.23251608708002974,
    0.22743983996874795,
    0.22868204141405546,
    0.2214711364004296,
    0.2323322297604345,
    0.2259729493156908,
    0.24003024741688325,
    0.227886218998435,
    0.2276342604995908,
    0.22605457317912409,
    0.21996182632077746,
    0.2218532627105146,
    0.21990251539808817,
    0.21885200121465465,
    0.22125046985726649,
    0.22397429234482233,
    0.2272178917839751,
    0.22646418236656718,
    0.22335699067520826,
    0.2192465165003195,
    0.2195657392416712,
    0.2191987930798148,
    0.2189365576567321,
    0.22397468902622478
  ],
  "best_val_loss": 0.21885200121465465,
  "best_epoch": 30
}